<?xml version="1.0" encoding="UTF-8"?>
<!DOCTYPE mapper
    PUBLIC "-//mybatis.org//DTD Mapper 3.0//EN"
    "http://mybatis.org/dtd/mybatis-3-mapper.dtd">
<mapper namespace="Book">
	<resultMap type="Book" id="BookResult">
		<result property="bnum" column="bnum"/>
		<result property="btitle" column="btitle"/>
		<result property="bwriter" column="bwriter"/>
		<result property="brdate" column="brdate"/>
		<result property="bimg1" column="bimg1"/>
		<result property="bimg2" column="bimg2"/>
		<result property="bimg3" column="bimg3"/>
		<result property="binfo" column="binfo"/>
	</resultMap>
	<!-- 책들 모든 리스트(입력 순) -->
	<select id="bookListAll" resultMap="BookResult">
		SELECT * FROM BOOK order by brdate desc
	</select>
	<!-- 책이름 가나다순으로 PAGING처리  -->
	<select id="bookListPaging" parameterType="Book" resultMap="BookResult">
		SELECT * FROM (SELECT ROWNUM RN, A.*
			FROM ( SELECT * FROM BOOK order by btitle) A)
				WHERE RN BETWEEN #{startRow} AND #{endRow}
	</select>
	<select id="getBook" parameterType="int" resultType="Book">
		SELECT * FROM BOOK WHERE BNUM=#{bnum}
	</select>
	<insert id="registerBook" parameterType="Book">
		<if test="bimg1=='' and bimg2!=''">
			INSERT INTO BOOK (BNUM, BTITLE, BWRITER, BRDATE, BIMG2, BINFO) VALUES
				(BOOK_SEQ.NEXTVAL,  #{btitle},#{bwriter},#{brdate},
   					 #{bimg2},#{binfo})
		</if>
		<if test="bimg1!='' and bimg2==''">
			INSERT INTO BOOK (BNUM, BTITLE, BWRITER, BRDATE, BIMG1, BINFO) VALUES
				(BOOK_SEQ.NEXTVAL,  #{btitle},#{bwriter},#{brdate},
   					 #{bimg1},#{binfo})
		</if>
		<if test="bimg1=='' and bimg2==''">
			INSERT INTO BOOK (BNUM, BTITLE, BWRITER, BRDATE, BINFO) VALUES
				(BOOK_SEQ.NEXTVAL,  #{btitle},#{bwriter},#{brdate},#{binfo})
		</if>
		<if test="bimg1!='' and bimg2!=''">
			INSERT INTO BOOK VALUES
			(BOOK_SEQ.NEXTVAL, #{btitle},#{bwriter},#{brdate},
			    #{bimg1},#{bimg2},#{binfo})
		</if>
	</insert>
	<update id="modifyBook" parameterType="Book">
		<if test="bimg1=='' and bimg2!=''">
			UPDATE BOOK SET
			    BTITLE=#{btitle},
			    BWRITER=#{bwriter},
			    BRDATE=#{brdate},
			    BIMG2=#{bimg2},
			    BINFO=#{binfo}
			    WHERE BNUM=#{bnum}
		</if>
		<if test="bimg1!='' and bimg2==''">
			UPDATE BOOK SET
			    BTITLE=#{btitle},
			    BWRITER=#{bwriter},
			    BRDATE=#{brdate},
			    BIMG1=#{bimg1},
			    BINFO=#{binfo}
			    WHERE BNUM=#{bnum}
		</if>
		<if test="bimg1=='' and bimg2==''">
			UPDATE BOOK SET
			    BTITLE=#{btitle},
			    BWRITER=#{bwriter},
			    BRDATE=#{brdate},
			    BINFO=#{binfo}
			    WHERE BNUM=#{bnum}
		</if>
		<if test="bimg1!='' and bimg2!=''">
			UPDATE BOOK SET
			    BTITLE=#{btitle},
			    BWRITER=#{bwriter},
			    BRDATE=#{brdate},
			    BIMG1=#{bimg1},
			    BIMG2=#{bimg2},
			    BINFO=#{binfo}
			    WHERE BNUM=#{bnum}
		</if>
	</update>
	<!-- 페이징 때 쓰려고 -->
	<select id="cntBook" resultType="int">
		SELECT COUNT(*) FROM BOOK
	</select>
</mapper>