<?xml version="1.0" encoding="UTF-8"?>
<!DOCTYPE mapper
    PUBLIC "-//mybatis.org//DTD Mapper 3.0//EN"
    "http://mybatis.org/dtd/mybatis-3-mapper.dtd">
<mapper namespace="Member">
	<resultMap type="Member" id="MemberResult">
		<result property="mid" column="mid"/>
		<result property="mpw" column="mpw"/>
		<result property="mname" column="mname"/>
		<result property="mmail" column="mmail"/>
		<result property="maddr" column="maddr"/>
		<result property="mpost" column="mpost"/>
	</resultMap>
	<select id="getMember" parameterType="String" resultType="Member">
		SELECT * FROM MEMBER WHERE MID=#{mid, jdbcType=VARCHAR}
	</select>
	<select id="idConfirm" parameterType="String"  resultType="int">
		SELECT COUNT(*) FROM MEMBER WHERE MID=#{mid, jdbcType=VARCHAR}
	</select>
	<insert id="joinMember" parameterType="Member">
		INSERT INTO MEMBER VALUES
    	(#{mid},#{mpw},#{mname},#{mmail},#{maddr},#{mpost})
	</insert>
	<update id="modifyMember" parameterType="Member">
		UPDATE MEMBER SET
		    MPW = #{mpw},
		    MNAME = #{mname},
		    MMAIL = #{mmail},
		    MADDR = #{maddr},
		    MPOST = #{mpost}
		    WHERE MID = #{mid}
	</update>
</mapper>